,x,y,time,theta
0.0,77.0,878.0,0.6452853679656982,0.3456327504004067
1.0,69.5,921.5,0.8706483840942383,0.3752937426631204
2.0,36.5,923.0,0.9195175170898438,0.376311129938885
3.0,50.0,970.5,0.9813530445098877,0.4083384842744984
4.0,50.0,970.5,1.0192978382110596,0.4083384842744984
5.0,52.58000183105469,850.0,1.0482432842254639,0.32638282411866176
6.0,5.5,910.5,1.1231725215911865,0.3678218161141558
7.0,5.5,910.5,1.1739938259124756,0.3678218161141558
8.0,12.582620620727539,887.1438598632812,1.2049288749694824,0.3518925659786016
9.0,58.849205017089844,830.5,1.2677476406097412,0.31290514434469513
10.0,58.849205017089844,830.5,1.3121349811553955,0.31290514434469513
11.0,16.45454502105713,835.5,1.3440508842468262,0.31636649680460244
12.0,16.45454502105713,835.5,1.373974323272705,0.31636649680460244
13.0,8.0,944.5,1.4288713932037354,0.39085353590421595
14.0,8.0,944.5,1.4787378311157227,0.39085353590421595
15.0,5.5,905.0,1.5086643695831299,0.36407856286001866
16.0,5.5,963.5,1.5876224040985107,0.4036419817243791
17.0,5.5,963.5,1.6364784240722656,0.4036419817243791
18.0,5.5,860.0,1.6803247928619385,0.33327178753646086
19.0,5.5,860.0,1.7092487812042236,0.33327178753646086
20.0,5.0,910.5,1.7611088752746582,0.3678218161141558
21.0,5.0,910.5,1.7901031970977783,0.3678218161141558
22.0,5.5,955.0,1.8598964214324951,0.3979281844256039
23.0,5.5,955.0,1.8977837562561035,0.3979281844256039
24.0,5.0,942.5,1.9535975456237793,0.3895039332148897
25.0,5.0,942.5,1.9925258159637451,0.3895039332148897
26.0,5.5,912.0,2.047457218170166,0.3688418615620895
27.0,5.5,912.0,2.0754120349884033,0.3688418615620895
28.0,5.5,924.5,2.1449387073516846,0.3773281533466278
29.0,5.5,924.5,2.1739184856414795,0.3773281533466278
30.0,5.5,912.0,2.2408852577209473,0.3688418615620895
31.0,5.5,912.0,2.2747952938079834,0.3688418615620895
32.0,5.5,859.0,2.3396215438842773,0.3325835875441146
33.0,5.5,859.0,2.37153697013855,0.3325835875441146
34.0,5.0,909.5,2.448331832885742,0.3671415851972582
35.0,5.0,909.5,2.4752585887908936,0.3671415851972582
36.0,5.0,909.0,2.5451138019561768,0.36680140959104196
37.0,5.0,909.0,2.57401967048645,0.36680140959104196
38.0,5.5,913.5,2.656913995742798,0.36986154559606815
39.0,5.5,913.5,2.685837745666504,0.36986154559606815
40.0,5.0,916.0,2.768613815307617,0.3715602149269224
41.0,5.0,916.0,2.7985661029815674,0.3715602149269224
42.0,5.5,857.0,2.8793246746063232,0.3312067225485357
43.0,5.5,857.0,2.9092495441436768,0.3312067225485357
44.0,5.5,912.0,2.996147871017456,0.3688418615620895
45.0,5.5,912.0,3.0370349884033203,0.3688418615620895
46.0,5.5,864.5,3.087902069091797,0.3363667659160004
47.0,5.5,864.5,3.11782169342041,0.3363667659160004
48.0,5.5,913.5,3.2035932540893555,0.36986154559606815
49.0,5.5,913.5,3.25246000289917,0.36986154559606815
50.0,5.5,937.0,3.3152964115142822,0.3857891539577754
51.0,5.5,937.0,3.3571949005126953,0.3857891539577754
52.0,5.5,912.0,3.428049325942993,0.3688418615620895
53.0,5.5,912.0,3.477910041809082,0.3688418615620895
54.0,5.0,912.0,3.535757303237915,0.3688418615620895
55.0,5.0,912.0,3.5716590881347656,0.3688418615620895
56.0,5.5,917.5,3.6314992904663086,0.372578933541661
57.0,5.5,917.5,3.6654207706451416,0.372578933541661
58.0,5.5,874.0,3.744197368621826,0.3428902466265092
59.0,5.5,874.0,3.773120403289795,0.3428902466265092
60.0,5.5,883.0,5.658433437347412,0.3490573444109684
61.0,5.5,914.5,5.6953325271606445,0.37054113399967586
62.0,5.5,914.5,5.730757236480713,0.37054113399967586
63.0,5.5,917.5,5.807737588882446,0.372578933541661
64.0,5.5,917.5,5.832746505737305,0.372578933541661
65.0,5.5,902.0,5.921510934829712,0.36203474827690235
66.0,5.5,902.0,5.950940847396851,0.36203474827690235
67.0,5.5,876.5,6.031400442123413,0.34460460569303114
68.0,5.5,876.5,6.058328151702881,0.34460460569303114
69.0,5.5,906.0,6.128221273422241,0.3647595146793335
70.0,5.5,906.0,6.1511595249176025,0.3647595146793335
71.0,5.0,950.0,6.2397496700286865,0.39456156303016904
72.0,5.0,950.0,6.2616894245147705,0.39456156303016904
73.0,5.5,906.0,6.351452827453613,0.3647595146793335
74.0,5.5,906.0,6.375391006469727,0.3647595146793335
75.0,5.5,912.0,6.463902950286865,0.3688418615620895
76.0,5.5,912.0,6.493824005126953,0.3688418615620895
77.0,5.5,903.5,6.575908899307251,0.36305683530901683
78.0,5.5,903.5,6.60084080696106,0.36305683530901683
79.0,5.5,920.0,6.671043872833252,0.37427599185084287
80.0,5.5,920.0,6.694018363952637,0.37427599185084287
81.0,5.0,1308.5,6.895382642745972,0.6249554512407631
82.0,5.0,1308.5,6.918320178985596,0.6249554512407631
83.0,5.5,845.5,7.0080790519714355,0.32327775844600887
84.0,5.5,845.5,7.030019283294678,0.32327775844600887
85.0,5.0,904.5,7.103783369064331,0.3637380269732487
86.0,5.0,904.5,7.126756191253662,0.3637380269732487
87.0,5.0,917.0,7.215862274169922,0.37223940094773483
88.0,5.0,917.0,7.24372935295105,0.37223940094773483
89.0,5.5,901.5,7.327507019042969,0.3616939727743362
90.0,5.5,901.5,7.350445508956909,0.3616939727743362
91.0,5.5,926.0,7.439731597900391,0.3783448125558298
92.0,5.5,926.0,7.463705539703369,0.3783448125558298
93.0,5.5,917.0,7.552138566970825,0.37223940094773483
94.0,5.5,917.0,7.576087236404419,0.37223940094773483
95.0,5.5,911.5,7.6484293937683105,0.3685018865531751
96.0,5.5,911.5,7.671335697174072,0.3685018865531751
97.0,5.5,917.5,7.759675025939941,0.372578933541661
98.0,5.5,917.5,7.782647609710693,0.372578933541661
99.0,7.099999904632568,838.5,7.871635437011719,0.31844148057238525
100.0,7.099999904632568,838.5,7.896567106246948,0.31844148057238525
101.0,5.5,878.0,7.983943939208984,0.3456327504004067
102.0,5.5,878.0,8.008911371231079,0.3456327504004067
103.0,5.0,936.5,8.096498489379883,0.38545120190523635
104.0,5.0,936.5,8.124458074569702,0.38545120190523635
105.0,5.0,1007.5,8.191966772079468,0.4330268942995427
106.0,5.0,1007.5,8.214903593063354,0.4330268942995427
107.0,5.5,903.5,8.308383464813232,0.36305683530901683
108.0,5.5,903.5,8.343768835067749,0.36305683530901683
109.0,5.0,841.5,8.416399717330933,0.3205150897618179
110.0,5.0,841.5,8.438984870910645,0.3205150897618179
111.0,5.5,906.0,8.528662919998169,0.3647595146793335
112.0,5.5,906.0,8.552113771438599,0.3647595146793335
113.0,5.5,886.5,8.63995623588562,0.35145221612640337
114.0,5.5,886.5,8.666916847229004,0.35145221612640337
115.0,5.5,898.0,8.735987901687622,0.35930742801698484
116.0,5.5,898.0,8.758958101272583,0.35930742801698484
117.0,5.0,1059.5,8.959387063980103,0.467331461968385
118.0,5.0,1059.5,8.98731279373169,0.467331461968385
119.0,5.5,927.5,9.072087049484253,0.37936110723696154
120.0,5.5,927.5,9.09402871131897,0.37936110723696154
121.0,5.5,953.5,9.168416023254395,0.3969186299722734
122.0,5.5,953.5,9.204319477081299,0.3969186299722734
123.0,5.5,935.5,9.280005693435669,0.38477517554303925
124.0,5.5,935.5,9.304903984069824,0.38477517554303925
125.0,5.5,906.0,9.391670942306519,0.3647595146793335
126.0,5.5,906.0,9.417604446411133,0.3647595146793335
127.0,5.5,907.5,9.487096309661865,0.3657806423325149
128.0,5.5,907.5,9.510034322738647,0.3657806423325149
129.0,5.5,879.5,9.599766969680786,0.3466605416165884
130.0,5.5,879.5,9.623701572418213,0.3466605416165884
131.0,5.5,907.5,9.696030139923096,0.3657806423325149
132.0,5.5,907.5,9.718966722488403,0.3657806423325149
133.0,5.5,938.5,9.791404485702515,0.38680276545810105
134.0,5.5,938.5,9.814377784729004,0.38680276545810105
135.0,5.5,912.0,9.887473821640015,0.3688418615620895
136.0,5.5,912.0,9.910411834716797,0.3688418615620895
137.0,5.0,902.0,10.000227212905884,0.36203474827690235
138.0,5.0,902.0,10.024170637130737,0.36203474827690235
139.0,5.0,906.0,10.096975088119507,0.3647595146793335
140.0,5.0,906.0,10.120947122573853,0.3647595146793335
141.0,5.5,910.0,10.191783905029297,0.36748172070915736
142.0,5.5,910.0,10.214723348617554,0.36748172070915736
143.0,5.5,947.5,10.287244081497192,0.39287671133401975
144.0,5.5,947.5,10.311214447021484,0.39287671133401975
145.0,5.5,912.0,10.400207281112671,0.3688418615620895
146.0,5.5,912.0,10.422148704528809,0.3688418615620895
147.0,11.0,902.5,10.495540380477905,0.36237548387538093
148.0,11.0,902.5,10.518481254577637,0.36237548387538093
149.0,5.5,908.0,10.591501235961914,0.3661209381460557
150.0,5.5,908.0,10.614473819732666,0.3661209381460557
151.0,5.5,934.0,10.704746007919312,0.3837608305361743
152.0,5.5,934.0,10.732667207717896,0.3837608305361743
153.0,5.0,850.5,10.800016641616821,0.32672763905732477
154.0,5.0,850.5,10.823952674865723,0.32672763905732477
155.0,5.5,912.0,10.89597225189209,0.3688418615620895
156.0,5.5,912.0,10.918911457061768,0.3688418615620895
157.0,5.0,972.5,10.991507053375244,0.40967884806205596
158.0,5.0,972.5,11.014480829238892,0.40967884806205596
159.0,5.5,909.0,11.103417158126831,0.36680140959104196
160.0,5.5,909.0,11.128350019454956,0.36680140959104196
161.0,5.5,934.5,11.200157880783081,0.3840989862509869
162.0,5.5,934.5,11.226086139678955,0.3840989862509869
163.0,5.0,889.0,11.300609588623047,0.35316165397841953
164.0,5.0,889.0,11.332516193389893,0.35316165397841953
165.0,11.0,934.5,11.391687631607056,0.3840989862509869
166.0,11.0,934.5,11.41466236114502,0.3840989862509869
167.0,5.5,925.5,11.503867864608765,0.37800596663962865
168.0,5.5,925.5,11.528800964355469,0.37800596663962865
169.0,5.5,908.0,11.599609851837158,0.3661209381460557
170.0,5.5,908.0,11.622549772262573,0.3661209381460557
171.0,5.5,863.0,11.695796489715576,0.335335456165804
172.0,5.5,863.0,11.718770027160645,0.335335456165804
173.0,5.5,878.5,11.790944576263428,0.3459753867670799
174.0,5.5,878.5,11.814878702163696,0.3459753867670799
175.0,5.5,912.0,11.903910875320435,0.3688418615620895
176.0,5.5,912.0,11.927846431732178,0.3688418615620895
177.0,5.0,907.5,12.000011444091797,0.3657806423325149
178.0,5.0,907.5,12.021950960159302,0.3657806423325149
179.0,5.5,885.0,12.096179008483887,0.3504260792837342
180.0,5.5,885.0,12.119077444076538,0.3504260792837342
181.0,5.5,907.5,12.207900762557983,0.3657806423325149
182.0,5.5,907.5,12.233879566192627,0.3657806423325149
183.0,5.0,930.0,12.308638095855713,0.38105412075125206
184.0,5.0,930.0,12.34155559539795,0.38105412075125206
185.0,5.5,912.5,12.399688243865967,0.36918179641388954
186.0,5.5,912.5,12.422627925872803,0.36918179641388954
187.0,5.5,1024.0,12.499731302261353,0.4439621138115652
188.0,5.5,1024.0,12.535562753677368,0.4439621138115652
189.0,5.5,937.0,12.612446784973145,0.3857891539577754
190.0,5.5,937.0,12.650369644165039,0.3857891539577754
191.0,8.0,976.0,12.703197717666626,0.41202288328873765
192.0,8.0,976.0,12.727133512496948,0.41202288328873765
193.0,10.38524580001831,918.5000610351562,12.801933288574219,0.3732579192691013
194.0,10.38524580001831,918.5000610351562,12.831854104995728,0.3732579192691013
195.0,5.5,865.5,12.895681858062744,0.33705411121468926
196.0,5.5,865.5,12.918620109558105,0.33705411121468926
197.0,5.5,906.5,13.00820803642273,0.3650999305865024
198.0,5.5,906.5,13.030127763748169,0.3650999305865024
199.0,5.5,854.5,13.119077444076538,0.32948477055242603
200.0,5.5,854.5,13.142014741897583,0.32948477055242603
201.0,5.5,916.0,13.232236862182617,0.3715602149269224
202.0,5.5,916.0,13.256171703338623,0.3715602149269224
203.0,5.5,987.5,13.34428334236145,0.4197103202562596
204.0,5.5,987.5,13.369215965270996,0.4197103202562596
205.0,1166.0,798.0,13.439581871032715,0.29031450424801314
206.0,1166.0,798.0,13.46351957321167,0.29031450424801314
207.0,5.5,882.5,13.551208257675171,0.3487150621351485
208.0,5.5,882.5,13.575185298919678,0.3487150621351485
209.0,5.5,920.0,13.66461992263794,0.37427599185084287
210.0,5.5,920.0,13.688554525375366,0.37427599185084287
211.0,5.5,921.5,13.775850057601929,0.3752937426631204
212.0,5.5,921.5,13.798787355422974,0.3752937426631204
213.0,5.5,935.5,13.871594905853271,0.38477517554303925
214.0,5.5,935.5,13.894531726837158,0.38477517554303925
215.0,5.5,1000.5,13.984962701797485,0.4283737632396864
216.0,5.5,1000.5,14.016876697540283,0.4283737632396864
217.0,1150.0,792.5,14.095665454864502,0.2864759008404492
218.0,1150.0,792.5,14.123589992523193,0.2864759008404492
219.0,10.727272510528564,566.0,14.208364963531494,0.1247870719730555
220.0,10.727272510528564,566.0,14.23628830909729,0.1247870719730555
221.0,5.5,961.5,14.303109169006348,0.4022986327230173
222.0,5.5,961.5,14.326048612594604,0.4022986327230173
223.0,5.5,1065.0,14.403888940811157,0.47093260790395436
224.0,5.5,1065.0,14.463681936264038,0.47093260790395436
225.0,8.0,993.0,14.517537832260132,0.423379091432124
226.0,8.0,993.0,14.568403005599976,0.423379091432124
227.0,5.5,1072.0,14.6075439453125,0.475508283697139
228.0,5.5,1072.0,14.63247561454773,0.475508283697139
229.0,5.5,943.0,14.912643671035767,0.38984139526460754
230.0,5.5,943.0,14.942596197128296,0.38984139526460754
231.0,13.5,993.5,15.007407903671265,0.42371236413434504
232.0,13.5,993.5,15.031365156173706,0.42371236413434504
233.0,5.5,903.0,15.103428840637207,0.36271617955700436
234.0,5.5,903.0,15.126368522644043,0.36271617955700436
235.0,5.0,923.0,15.199461698532104,0.376311129938885
236.0,5.0,923.0,15.222400426864624,0.376311129938885
237.0,5.5,936.0,15.312341451644897,0.38511320909634544
238.0,5.5,936.0,15.335280179977417,0.38511320909634544
239.0,5.0,918.5,15.408149480819702,0.3732578778345514
240.0,5.0,918.5,15.4311203956604,0.3732578778345514
241.0,5.0,918.5,15.503963708877563,0.3732578778345514
242.0,5.0,918.5,15.526937246322632,0.3732578778345514
243.0,5.0,1156.5,15.61623740196228,0.5300632721031284
244.0,5.0,1156.5,15.644163370132446,0.5300632721031284
245.0,5.0,1018.0,15.711415529251099,0.4399910266079797
246.0,5.0,1018.0,15.734390020370483,0.4399910266079797
247.0,5.0,936.5,15.811730861663818,0.38545120190523635
248.0,5.0,936.5,15.844671964645386,0.38545120190523635
249.0,5.5,930.0,15.90415334701538,0.38105412075125206
250.0,5.5,930.0,15.92708969116211,0.38105412075125206
251.0,11.0,923.0,16.016727209091187,0.376311129938885
252.0,11.0,923.0,16.042620420455933,0.376311129938885
253.0,5.5,906.5,16.112464427947998,0.3650999305865024
254.0,5.5,906.5,16.13540744781494,0.3650999305865024
255.0,5.5,899.5,16.207829236984253,0.3603304719789793
256.0,5.5,899.5,16.232760906219482,0.3603304719789793
257.0,5.5,884.0,16.308456420898438,0.3497417907199039
258.0,5.5,884.0,16.345349550247192,0.3497417907199039
259.0,5.0,927.0,16.41616201400757,0.3790223828666704
260.0,5.0,927.0,16.439100980758667,0.3790223828666704
261.0,5.5,912.0,16.51199769973755,0.3688418615620895
262.0,5.5,912.0,16.533973693847656,0.3688418615620895
263.0,5.5,888.0,16.6082820892334,0.35247799744931124
264.0,5.5,888.0,16.63321542739868,0.35247799744931124
265.0,5.5,926.0,16.703511238098145,0.3783448125558298
266.0,5.5,926.0,16.726449251174927,0.3783448125558298
267.0,5.0,991.5,16.82024645805359,0.42237902120570175
268.0,5.0,991.5,16.854106187820435,0.42237902120570175
269.0,5.5,901.0,16.92807364463806,0.3613531573804624
270.0,5.5,901.0,16.95001721382141,0.3613531573804624
271.0,5.5,926.0,17.024364948272705,0.3783448125558298
272.0,5.5,926.0,17.04630470275879,0.3783448125558298
273.0,8.0,882.5,17.13574481010437,0.3487150621351485
274.0,8.0,882.5,17.15868306159973,0.3487150621351485
275.0,1119.0,770.0,17.24727201461792,0.2707263630217796
276.0,1119.0,770.0,17.27021074295044,0.2707263630217796
277.0,5.5,1004.5,17.35996961593628,0.4310337095108184
278.0,5.5,1004.5,17.388891458511353,0.4310337095108184
279.0,5.5,938.5,17.45980429649353,0.38680276545810105
280.0,5.5,938.5,17.515647888183594,0.38680276545810105
281.0,1763.5,782.4000244140625,17.56804394721985,0.27941526104384645
282.0,1763.5,782.4000244140625,17.5910165309906,0.27941526104384645
283.0,5.5,767.0,17.68048667907715,0.2686208691894953
284.0,5.5,767.0,17.718387603759766,0.2686208691894953
285.0,18.0,952.5,17.791642665863037,0.39624538787616753
286.0,18.0,952.5,17.81458353996277,0.39624538787616753
287.0,8.0,1021.5,17.90377974510193,0.4423082396964119
288.0,8.0,1021.5,17.926716327667236,0.4423082396964119
289.0,5.5,951.5,18.111353635787964,0.3955719812525266
290.0,5.5,951.5,18.134292125701904,0.3955719812525266
291.0,5.5,942.5,18.224334478378296,0.3895039332148897
292.0,5.5,942.5,18.249268531799316,0.3895039332148897
293.0,22.5,877.0,18.320061206817627,0.3449473598500071
294.0,22.5,877.0,18.342002868652344,0.3449473598500071
295.0,5.5,872.5,18.432382822036743,0.34186116104500536
296.0,5.5,872.5,18.45931053161621,0.34186116104500536
297.0,6.5,927.0,18.527488231658936,0.3790223828666704
298.0,6.5,927.0,18.551424741744995,0.3790223828666704
299.0,5.5,942.5,18.62367820739746,0.3895039332148897
300.0,5.5,942.5,18.64760661125183,0.3895039332148897
301.0,5.0,937.5,18.719877004623413,0.3861270652420385
302.0,5.0,937.5,18.741819143295288,0.3861270652420385
303.0,5.5,943.0,18.831589698791504,0.38984139526460754
304.0,5.5,943.0,18.854565858840942,0.38984139526460754
305.0,5.5,935.5,18.927632331848145,0.38477517554303925
306.0,5.5,935.5,18.95060443878174,0.38477517554303925
307.0,5.5,879.5,19.024117708206177,0.3466605416165884
308.0,5.5,879.5,19.0470552444458,0.3466605416165884
309.0,5.5,972.0,19.11915683746338,0.409343819463233
310.0,5.5,972.0,19.142093658447266,0.409343819463233
311.0,14.0,962.5,19.231603622436523,0.4029703899442491
312.0,14.0,962.5,19.25554132461548,0.4029703899442491
313.0,5.5,965.0,19.32834482192993,0.4046490589950526
314.0,5.5,965.0,19.35926580429077,0.4046490589950526
315.0,5.5,951.0,19.423093795776367,0.3952352162717557
316.0,5.5,951.0,19.45002055168152,0.3952352162717557
317.0,5.0,938.5,19.519835233688354,0.38680276545810105
318.0,5.0,938.5,19.547759532928467,0.38680276545810105
319.0,5.5,860.0,19.652660131454468,0.33327178753646086
320.0,5.5,860.0,19.710536241531372,0.33327178753646086
321.0,5.5,1030.0,19.759371757507324,0.4479270581514156
322.0,5.5,1030.0,19.78430438041687,0.4479270581514156
323.0,5.5,923.0,19.8735408782959,0.376311129938885
324.0,5.5,923.0,19.93237853050232,0.376311129938885
325.0,5.0,998.5,19.999906301498413,0.4270427773545891
326.0,5.0,998.5,20.02583885192871,0.4270427773545891
327.0,5.5,913.0,20.11177396774292,0.36952169109605254
328.0,5.5,913.0,20.13674235343933,0.36952169109605254
329.0,5.0,920.0,20.22456693649292,0.37427599185084287
330.0,5.0,920.0,20.249536275863647,0.37427599185084287
331.0,5.5,933.0,20.335631370544434,0.38308439702890223
332.0,5.5,933.0,20.360605001449585,0.38308439702890223
333.0,5.5,912.0,20.448206424713135,0.3688418615620895
334.0,5.5,912.0,20.470144271850586,0.3688418615620895
335.0,5.5,951.5,20.559524536132812,0.3955719812525266
336.0,5.5,951.5,20.582460641860962,0.3955719812525266
337.0,5.5,898.0,20.671861171722412,0.35930742801698484
338.0,5.5,898.0,20.696795225143433,0.35930742801698484
339.0,5.5,888.0,20.783993005752563,0.35247799744931124
340.0,5.5,888.0,20.808926105499268,0.35247799744931124
341.0,5.5,871.5,20.912041187286377,0.34117490832284897
342.0,5.5,871.5,20.936975955963135,0.34117490832284897
343.0,5.5,908.0,21.024030208587646,0.3661209381460557
344.0,5.5,908.0,21.047966718673706,0.3661209381460557
345.0,5.5,909.0,21.136310815811157,0.36680140959104196
346.0,5.5,909.0,21.161195516586304,0.36680140959104196
347.0,5.0,903.5,21.24834108352661,0.36305683530901683
348.0,5.0,903.5,21.27031683921814,0.36305683530901683
349.0,5.5,907.5,21.36016058921814,0.3657806423325149
350.0,5.5,907.5,21.38409447669983,0.3657806423325149
351.0,5.5,920.5,21.471843242645264,0.3746152824940437
352.0,5.5,920.5,21.49477982521057,0.3746152824940437
353.0,5.5,927.5,21.567589044570923,0.37936110723696154
354.0,5.5,927.5,21.590349197387695,0.37936110723696154
355.0,10.400000095367432,906.0,21.679310083389282,0.3647595146793335
356.0,10.400000095367432,906.0,21.705276012420654,0.3647595146793335
357.0,5.5,912.0,21.791099548339844,0.3688418615620895
358.0,5.5,912.0,21.81403946876526,0.3688418615620895
359.0,12.5,956.5,21.90333604812622,0.39893736817405073
360.0,12.5,956.5,21.926271677017212,0.39893736817405073
361.0,5.5,916.0,22.01624631881714,0.3715602149269224
362.0,5.5,916.0,22.041178464889526,0.3715602149269224
363.0,5.5,900.5,22.112181901931763,0.36101230210807317
364.0,5.5,900.5,22.135157346725464,0.36101230210807317
365.0,5.5,875.5,22.224658966064453,0.3439189796824959
366.0,5.5,875.5,22.255576848983765,0.3439189796824959
367.0,5.5,912.0,22.335641145706177,0.3688418615620895
368.0,5.5,912.0,22.358614444732666,0.3688418615620895
369.0,5.5,877.0,22.44867491722107,0.3449473598500071
370.0,5.5,877.0,22.47959065437317,0.3449473598500071
371.0,5.5,902.0,22.543140172958374,0.36203474827690235
372.0,5.5,902.0,22.56611132621765,0.36203474827690235
373.0,5.0,909.0,22.656425952911377,0.36680140959104196
374.0,5.0,909.0,22.68356227874756,0.36680140959104196
375.0,5.0,912.0,22.76826310157776,0.3688418615620895
376.0,5.0,912.0,22.791239976882935,0.3688418615620895
377.0,5.0,993.0,22.879735708236694,0.423379091432124
378.0,5.0,993.0,22.907662868499756,0.423379091432124
379.0,5.5,932.0,22.975279331207275,0.382407800831477
380.0,5.5,932.0,22.999215602874756,0.382407800831477
381.0,5.5,1041.0,23.07144808769226,0.4551801126388753
382.0,5.5,1041.0,23.094384908676147,0.4551801126388753
383.0,5.5,907.5,23.183175086975098,0.3657806423325149
384.0,5.5,907.5,23.205183744430542,0.3657806423325149
385.0,5.5,879.5,23.278985261917114,0.3466605416165884
386.0,5.5,879.5,23.304561614990234,0.3466605416165884
387.0,5.5,950.0,23.3759925365448,0.39456156303016904
388.0,5.5,950.0,23.397968530654907,0.39456156303016904
389.0,5.5,857.0,23.487718105316162,0.3312067225485357
390.0,5.5,857.0,23.51065754890442,0.3312067225485357
391.0,5.5,847.0,23.59995675086975,0.32431312628584547
392.0,5.5,847.0,23.621896505355835,0.32431312628584547
393.0,5.5,973.5,23.71201801300049,0.41034878049717644
394.0,5.5,973.5,23.740939378738403,0.41034878049717644
395.0,5.5,923.0,23.812440872192383,0.376311129938885
396.0,5.5,923.0,23.844382286071777,0.376311129938885
397.0,5.5,918.0,23.92010760307312,0.37291842584139595
398.0,5.5,918.0,23.942060708999634,0.37291842584139595
399.0,5.5,890.5,24.032100200653076,0.3541868419807351
400.0,5.5,890.5,24.05703639984131,0.3541868419807351
401.0,5.5,887.0,24.161269187927246,0.3517941827537699
402.0,5.5,887.0,24.193182706832886,0.3517941827537699
403.0,5.5,909.0,24.271742343902588,0.36680140959104196
404.0,5.5,909.0,24.29567861557007,0.36680140959104196
405.0,5.5,921.5,24.3835871219635,0.3752937426631204
406.0,5.5,921.5,24.409064292907715,0.3752937426631204
407.0,8.0,930.0,24.513237953186035,0.38105412075125206
408.0,8.0,930.0,24.54814600944519,0.38105412075125206
409.0,5.0,903.5,24.606990098953247,0.36305683530901683
410.0,5.0,903.5,24.63491439819336,0.36305683530901683
411.0,5.5,930.0,24.71968650817871,0.38105412075125206
412.0,5.5,930.0,24.748608112335205,0.38105412075125206
413.0,5.5,903.5,24.835379123687744,0.36305683530901683
414.0,5.5,903.5,24.8842453956604,0.36305683530901683
415.0,5.5,906.0,24.948076486587524,0.3647595146793335
416.0,5.5,906.0,25.000970602035522,0.3647595146793335
417.0,5.0,937.0,25.03883194923401,0.3857891539577754
418.0,5.0,937.0,25.064796447753906,0.3857891539577754
419.0,5.5,906.0,25.139564514160156,0.3647595146793335
420.0,5.5,906.0,25.195448398590088,0.3647595146793335
421.0,5.0,891.0,25.247540712356567,0.3545284921181709
422.0,5.0,891.0,25.27250838279724,0.3545284921181709
423.0,5.5,939.5,25.344461679458618,0.3874783024582748
424.0,5.5,939.5,25.369429349899292,0.3874783024582748
425.0,5.0,872.5,25.43947196006775,0.34186116104500536
426.0,5.0,872.5,25.462445735931396,0.34186116104500536
427.0,5.5,884.0,25.535587072372437,0.3497417907199039
428.0,5.5,884.0,25.5585618019104,0.3497417907199039
429.0,5.0,909.5,25.647995710372925,0.3671415851972582
430.0,5.0,909.5,25.669935941696167,0.3671415851972582
431.0,5.0,931.0,25.74342107772827,0.38173104204012104
432.0,5.0,931.0,25.76635766029358,0.38173104204012104
433.0,5.5,919.0,25.84020209312439,0.3735972895087513
434.0,5.5,919.0,25.862102031707764,0.3735972895087513
435.0,8.5,920.5,25.935460805892944,0.3746152824940437
436.0,8.5,920.5,25.958435535430908,0.3746152824940437
437.0,5.0,879.5,26.04836654663086,0.3466605416165884
438.0,5.0,879.5,26.07127356529236,0.3466605416165884
439.0,5.0,836.0,26.143877744674683,0.31671242275785777
440.0,5.0,836.0,26.16681671142578,0.31671242275785777
441.0,5.0,854.5,26.239652633666992,0.32948477055242603
442.0,5.0,854.5,26.262625455856323,0.32948477055242603
443.0,5.5,920.0,26.35145878791809,0.37427599185084287
444.0,5.5,920.0,26.374396085739136,0.37427599185084287
445.0,5.0,860.0,26.46421980857849,0.33327178753646086
446.0,5.0,860.0,26.49417757987976,0.33327178753646086
447.0,5.0,907.5,26.576536893844604,0.3657806423325149
448.0,5.0,907.5,26.605493307113647,0.3657806423325149
449.0,5.5,908.0,26.67094326019287,0.3661209381460557
450.0,5.5,908.0,26.69388246536255,0.3661209381460557
451.0,5.5,889.5,26.78527593612671,0.35350342289779096
452.0,5.5,889.5,26.81320571899414,0.35350342289779096
453.0,5.0,906.0,26.895714282989502,0.3647595146793335
454.0,5.0,906.0,26.918686866760254,0.3647595146793335
455.0,5.5,895.0,26.992323398590088,0.35726026580064035
456.0,5.5,895.0,27.01662564277649,0.35726026580064035
457.0,5.0,900.5,27.088195323944092,0.36101230210807317
458.0,5.0,900.5,27.11116862297058,0.36101230210807317
459.0,5.5,845.5,27.199886083602905,0.32327775844600887
460.0,5.5,845.5,27.22433567047119,0.32327775844600887
461.0,13.5,913.5,27.295409440994263,0.36986154559606815
462.0,13.5,913.5,27.31735348701477,0.36986154559606815
463.0,5.5,912.0,27.39167284965515,0.3688418615620895
464.0,5.5,912.0,27.41461205482483,0.3688418615620895
465.0,5.5,853.0,27.503763675689697,0.328451135621423
466.0,5.5,853.0,27.5267391204834,0.328451135621423
467.0,5.0,932.5,27.600276947021484,0.3827461192604494
468.0,5.0,932.5,27.62325119972229,0.3827461192604494
469.0,13.076271057128906,801.5678100585938,27.69654393196106,0.29280218682500586
470.0,13.076271057128906,801.5678100585938,27.718454122543335,0.29280218682500586
471.0,5.5,976.5,27.791340827941895,0.41235757890822505
472.0,5.5,976.5,27.815266847610474,0.41235757890822505
473.0,5.0,902.0,27.904550313949585,0.36203474827690235
474.0,5.0,902.0,27.930482149124146,0.36203474827690235
475.0,11.0,924.0,28.000189542770386,0.37698918599424985
476.0,11.0,924.0,28.022094249725342,0.37698918599424985
477.0,5.0,848.5,28.1120023727417,0.325348148303691
478.0,5.0,848.5,28.133941650390625,0.325348148303691
479.0,5.0,903.5,28.223549127578735,0.36305683530901683
480.0,5.0,903.5,28.246487379074097,0.36305683530901683
481.0,5.5,839.0,28.33578324317932,0.31878717764438586
482.0,5.5,839.0,28.361746549606323,0.31878717764438586
483.0,5.5,914.5,28.4486300945282,0.37054113399967586
484.0,5.5,914.5,28.478549003601074,0.37054113399967586
485.0,11.0,832.0,28.543663501739502,0.31394394923672436
486.0,11.0,832.0,28.56660294532776,0.31394394923672436
487.0,5.5,909.0,28.656826734542847,0.36680140959104196
488.0,5.5,909.0,28.68574619293213,0.36680140959104196
489.0,5.5,906.0,28.768162965774536,0.3647595146793335
490.0,5.5,906.0,28.791102170944214,0.3647595146793335
491.0,5.5,906.0,28.864104747772217,0.3647595146793335
492.0,5.5,906.0,28.88604187965393,0.3647595146793335
493.0,5.5,854.0,28.960104942321777,0.32914026419199444
494.0,5.5,854.0,28.982001304626465,0.32914026419199444
495.0,5.5,851.5,29.072394609451294,0.3274171533508697
496.0,5.5,851.5,29.10235023498535,0.3274171533508697
497.0,5.0,935.0,29.168403148651123,0.3844371012572661
498.0,5.0,935.0,29.19230031967163,0.3844371012572661
499.0,5.5,942.5,29.26394748687744,0.3895039332148897
500.0,5.5,942.5,29.288848400115967,0.3895039332148897
501.0,5.0,919.0,29.376128435134888,0.3735972895087513
502.0,5.0,919.0,29.398104429244995,0.3735972895087513
503.0,5.0,980.5,29.472036838531494,0.4150336427574762
504.0,5.0,980.5,29.494977951049805,0.4150336427574762
505.0,5.5,947.0,29.568087100982666,0.3925396179005905
506.0,5.5,947.0,29.591012716293335,0.3925396179005905
507.0,5.5,891.0,29.66382145881653,0.3545284921181709
508.0,5.5,891.0,29.68775510787964,0.3545284921181709
509.0,14.704545021057129,942.5,29.776001930236816,0.3895039332148897
510.0,14.704545021057129,942.5,29.807915925979614,0.3895039332148897
511.0,5.0,937.0,29.871747493743896,0.3857891539577754
512.0,5.0,937.0,29.901673316955566,0.3857891539577754
513.0,5.5,868.5,29.96792244911194,0.3391152121405773
514.0,5.5,868.5,29.996845722198486,0.3391152121405773
515.0,5.0,883.5,30.063673973083496,0.3493995872769649
516.0,5.0,883.5,30.088600635528564,0.3493995872769649
517.0,5.0,969.5,30.179438591003418,0.4076680530993508
518.0,5.0,969.5,30.236295461654663,0.4076680530993508
519.0,5.5,966.5,30.27120065689087,0.4056557635162295
520.0,5.5,966.5,30.2971351146698,0.4056557635162295
521.0,5.0,943.0,30.372930765151978,0.38984139526460754
522.0,5.0,943.0,30.42379403114319,0.38984139526460754
523.0,5.5,917.0,30.468674898147583,0.37223940094773483
524.0,5.5,917.0,30.51754117012024,0.37223940094773483
525.0,5.0,858.5,30.58038020133972,0.3322394294008217
526.0,5.0,858.5,30.637224435806274,0.3322394294008217
527.0,5.0,895.5,30.672128915786743,0.3576015588889024
528.0,5.0,895.5,30.6970636844635,0.3576015588889024
529.0,5.0,915.0,30.77286648750305,0.37088086787830826
530.0,5.0,915.0,30.825716495513916,0.37088086787830826
531.0,5.5,909.0,30.883647918701172,0.36680140959104196
532.0,5.5,909.0,30.935497760772705,0.36680140959104196
533.0,5.0,937.5,30.980388641357422,0.3861270652420385
534.0,5.0,937.5,31.032239198684692,0.3861270652420385
535.0,5.5,899.0,31.072132349014282,0.3599894971479202
536.0,5.5,899.0,31.097066640853882,0.3599894971479202
537.0,5.5,907.5,31.16787552833557,0.3657806423325149
538.0,5.5,907.5,31.19284224510193,0.3657806423325149
539.0,5.0,931.0,31.279884576797485,0.38173104204012104
540.0,5.0,931.0,31.306814193725586,0.38173104204012104
541.0,5.0,916.0,31.376709699630737,0.3715602149269224
542.0,5.0,916.0,31.4046311378479,0.3715602149269224
543.0,5.0,915.5,31.471421718597412,0.37122056152487354
544.0,5.0,915.5,31.494390726089478,0.37122056152487354
545.0,5.0,912.0,31.567456483840942,0.3688418615620895
546.0,5.0,912.0,31.591391801834106,0.3688418615620895
547.0,5.0,914.5,31.680156469345093,0.37054113399967586
548.0,5.0,914.5,31.703094959259033,0.37054113399967586
549.0,5.5,898.0,31.77538514137268,0.35930742801698484
550.0,5.5,898.0,31.80034565925598,0.35930742801698484
551.0,5.5,916.0,31.87173080444336,0.3715602149269224
552.0,5.5,916.0,31.894713163375854,0.3715602149269224
553.0,5.0,917.0,31.968421936035156,0.37223940094773483
554.0,5.0,917.0,31.99139714241028,0.37223940094773483
555.0,5.5,916.5,32.07958722114563,0.3718998280720179
556.0,5.5,916.5,32.10256361961365,0.3718998280720179
557.0,5.0,909.0,32.17628717422485,0.36680140959104196
558.0,5.0,909.0,32.19918918609619,0.36680140959104196
559.0,5.5,915.0,32.272196531295776,0.37088086787830826
560.0,5.5,915.0,32.29609751701355,0.37088086787830826
561.0,5.5,947.0,32.3840012550354,0.3925396179005905
562.0,5.5,947.0,32.406901359558105,0.3925396179005905
563.0,5.5,945.5,32.47912955284119,0.39152809162182795
564.0,5.5,945.5,32.50206661224365,0.39152809162182795
565.0,5.5,1013.0,32.57598328590393,0.43667710713355784
566.0,5.5,1013.0,32.59895610809326,0.43667710713355784
567.0,5.5,933.0,32.67220997810364,0.38308439702890223
568.0,5.5,933.0,32.695152044296265,0.38308439702890223
569.0,5.5,905.0,32.78407907485962,0.36407856286001866
570.0,5.5,905.0,32.80798101425171,0.36407856286001866
571.0,5.0,926.0,32.87930154800415,0.3783448125558298
572.0,5.0,926.0,32.90227150917053,0.3783448125558298
573.0,5.5,910.5,32.97600293159485,0.3678218161141558
574.0,5.5,910.5,32.99897599220276,0.3678218161141558
575.0,5.5,935.5,33.07142615318298,0.38477517554303925
576.0,5.5,935.5,33.09639835357666,0.38477517554303925
577.0,5.0,943.0,33.18445634841919,0.38984139526460754
578.0,5.0,943.0,33.20643424987793,0.38984139526460754
579.0,5.5,926.0,33.279906272888184,0.3783448125558298
580.0,5.5,926.0,33.30683708190918,0.3783448125558298
581.0,5.5,866.5,33.37554717063904,0.3377413007578249
582.0,5.5,866.5,33.399521589279175,0.3377413007578249
583.0,5.0,931.0,33.47203731536865,0.38173104204012104
584.0,5.0,931.0,33.494967222213745,0.38173104204012104
585.0,5.0,926.0,33.5836980342865,0.3783448125558298
586.0,5.0,926.0,33.60663342475891,0.3783448125558298
587.0,5.0,922.5,33.67936301231384,0.37597204126039324
588.0,5.5,896.5,34.35899567604065,0.35828402584152536
589.0,5.0,949.5,34.432029485702515,0.3942246747925325
590.0,5.0,949.5,34.45496964454651,0.3942246747925325
591.0,5.5,851.5,34.54480314254761,0.3274171533508697
592.0,5.5,851.5,34.568740129470825,0.3274171533508697
593.0,5.0,860.0,34.65577292442322,0.33327178753646086
594.0,5.0,860.0,34.67771601676941,0.33327178753646086
595.0,5.5,912.0,34.75146174430847,0.3688418615620895
596.0,5.5,912.0,34.77443194389343,0.3688418615620895
597.0,5.5,927.5,34.86470627784729,0.37936110723696154
598.0,5.5,927.5,34.88764452934265,0.37936110723696154
599.0,5.5,900.5,34.97519612312317,0.36101230210807317
600.0,5.5,900.5,35.00016450881958,0.36101230210807317
601.0,5.5,945.0,35.08889174461365,0.3911908342417249
602.0,5.5,945.0,35.12180304527283,0.3911908342417249
603.0,5.0,945.5,35.183637857437134,0.39152809162182795
604.0,5.0,945.5,35.22253346443176,0.39152809162182795
605.0,5.0,943.0,35.27938175201416,0.38984139526460754
606.0,5.0,943.0,35.31428861618042,0.38984139526460754
607.0,5.0,849.0,35.51435089111328,0.325693078727781
608.0,5.0,931.0,35.696871757507324,0.38173104204012104
609.0,5.0,935.5,35.79421877861023,0.38477517554303925
610.0,5.0,935.5,35.82753324508667,0.38477517554303925
611.0,5.0,915.5,35.89436388015747,0.37122056152487354
612.0,5.0,915.5,35.94717764854431,0.37122056152487354
613.0,5.0,883.5,35.983078956604004,0.3493995872769649
614.0,5.0,883.5,36.00901126861572,0.3493995872769649
615.0,5.5,895.5,36.07913827896118,0.3576015588889024
616.0,5.5,895.5,36.106066942214966,0.3576015588889024
617.0,5.0,883.5,36.19737982749939,0.3493995872769649
618.0,5.0,883.5,36.238264322280884,0.3493995872769649
619.0,5.5,937.0,36.28849816322327,0.3857891539577754
620.0,5.5,937.0,36.31242871284485,0.3857891539577754
621.0,5.0,928.5,36.38861918449402,0.38003843434650525
622.0,5.0,928.5,36.425517320632935,0.38003843434650525
623.0,5.0,940.0,36.484413862228394,0.3878160097227223
624.0,5.0,940.0,36.52034831047058,0.3878160097227223
625.0,8.0,885.5,36.59212136268616,0.35076816437821906
626.0,8.0,885.5,36.617053508758545,0.35076816437821906
627.0,5.5,919.0,36.6878547668457,0.3735972895087513
628.0,5.5,919.0,36.71079421043396,0.3735972895087513
629.0,5.5,944.0,36.783140420913696,0.3905161966210304
630.0,5.5,944.0,36.80807447433472,0.3905161966210304
631.0,5.0,927.5,36.895347356796265,0.37936110723696154
632.0,5.0,927.5,36.920281171798706,0.37936110723696154
633.0,5.0,927.0,36.99116778373718,0.3790223828666704
634.0,5.0,927.0,37.016135931015015,0.3790223828666704
635.0,5.5,930.0,37.0880126953125,0.38105412075125206
636.0,5.5,930.0,37.111985206604004,0.38105412075125206
637.0,5.5,918.0,37.18337845802307,0.37291842584139595
638.0,5.5,918.0,37.20635175704956,0.37291842584139595
639.0,5.0,906.5,37.2951762676239,0.3650999305865024
640.0,5.0,906.5,37.31711673736572,0.3650999305865024
641.0,5.0,945.0,37.39213180541992,0.3911908342417249
642.0,5.0,945.0,37.41506910324097,0.3911908342417249
643.0,5.0,909.0,37.48772406578064,0.36680140959104196
644.0,5.0,909.0,37.51265788078308,0.36680140959104196
645.0,5.5,921.5,37.58346939086914,0.3752937426631204
646.0,5.5,921.5,37.606404542922974,0.3752937426631204
647.0,5.5,920.0,37.695314168930054,0.37427599185084287
648.0,5.5,920.0,37.718249797821045,0.37427599185084287
649.0,5.5,859.5,37.791752099990845,0.3329277069272691
650.0,5.5,859.5,37.814656019210815,0.3329277069272691
651.0,5.5,1024.5,37.888253927230835,0.44429276069719476
652.0,5.5,1024.5,37.911189556121826,0.44429276069719476
653.0,5.5,923.0,37.984294414520264,0.376311129938885
654.0,5.5,923.0,38.0062735080719,0.376311129938885
655.0,5.0,937.5,38.096595764160156,0.3861270652420385
656.0,5.0,937.5,38.12053322792053,0.3861270652420385
657.0,5.0,976.0,38.19176936149597,0.41202288328873765
658.0,5.0,976.0,38.214707136154175,0.41202288328873765
659.0,5.5,940.0,38.28691744804382,0.3878160097227223
660.0,5.5,940.0,38.3098886013031,0.3878160097227223
661.0,5.0,878.0,38.39974856376648,0.3456327504004067
662.0,5.0,878.0,38.423720598220825,0.3456327504004067
663.0,5.5,905.0,38.49619436264038,0.36407856286001866
664.0,5.5,905.0,38.518096685409546,0.36407856286001866
665.0,5.5,906.5,38.60845136642456,0.3650999305865024
666.0,5.5,906.5,38.634347438812256,0.3650999305865024
667.0,5.5,907.5,38.719449281692505,0.3657806423325149
668.0,5.5,907.5,38.744383811950684,0.3657806423325149
669.0,5.5,942.5,38.83195662498474,0.3895039332148897
670.0,5.5,942.5,38.85489296913147,0.3895039332148897
671.0,5.5,884.0,38.927701234817505,0.3497417907199039
672.0,5.5,884.0,38.950637340545654,0.3497417907199039
673.0,10.5,925.5,39.05660533905029,0.37800596663962865
674.0,10.5,925.5,39.08652448654175,0.37800596663962865
675.0,5.0,908.0,39.16788148880005,0.3661209381460557
676.0,5.0,908.0,39.19081711769104,0.3661209381460557
677.0,5.0,861.5,39.27966070175171,0.3343037965822055
678.0,5.0,861.5,39.30459523200989,0.3343037965822055
679.0,5.0,939.5,39.40888714790344,0.3874783024582748
680.0,5.0,939.5,39.43781018257141,0.3874783024582748
681.0,5.5,926.0,39.51963496208191,0.3783448125558298
682.0,5.5,926.0,39.54656434059143,0.3783448125558298
683.0,5.5,913.0,39.63233304023743,0.36952169109605254
684.0,5.5,913.0,39.65527319908142,0.36952169109605254
685.0,5.5,827.5,39.759992599487305,0.31082651025384717
686.0,5.5,827.5,39.78293228149414,0.31082651025384717
687.0,11.0,838.5,39.87188458442688,0.31844148057238525
688.0,11.0,838.5,39.896851539611816,0.31844148057238525
689.0,5.5,918.0,39.984585762023926,0.37291842584139595
690.0,5.5,918.0,40.01352405548096,0.37291842584139595
691.0,5.0,921.5,40.09629225730896,0.3752937426631204
692.0,5.0,921.5,40.1222505569458,0.3752937426631204
693.0,5.0,918.5,40.20802402496338,0.3732578778345514
694.0,5.0,918.5,40.23096251487732,0.3732578778345514
695.0,5.0,893.0,40.31962537765503,0.35589469633665377
696.0,5.0,893.0,40.34160017967224,0.35589469633665377
697.0,5.0,942.5,40.41536998748779,0.3895039332148897
698.0,5.0,942.5,40.44429159164429,0.3895039332148897
699.0,5.5,939.5,40.52707028388977,0.3874783024582748
700.0,5.5,939.5,40.55599284172058,0.3874783024582748
701.0,5.0,944.0,40.64382243156433,0.3905161966210304
702.0,5.0,944.0,40.694623708724976,0.3905161966210304
703.0,5.5,952.5,40.756507873535156,0.39624538787616753
704.0,5.5,952.5,40.81230664253235,0.39624538787616753
705.0,5.5,917.5,40.86309576034546,0.372578933541661
706.0,5.5,917.5,40.88703107833862,0.372578933541661
707.0,5.5,941.0,40.959890604019165,0.3884913017210834
708.0,5.5,941.0,40.98381304740906,0.3884913017210834
709.0,5.0,983.5,41.07272696495056,0.4170389370650494
710.0,5.0,983.5,41.10260462760925,0.4170389370650494
711.0,5.0,959.5,41.185433864593506,0.4009546223193778
712.0,5.0,959.5,41.22934818267822,0.4009546223193778
713.0,5.5,923.0,41.30039405822754,0.376311129938885
714.0,5.5,923.0,41.3472683429718,0.376311129938885
715.0,5.5,920.0,41.391329526901245,0.37427599185084287
716.0,5.5,920.0,41.41426753997803,0.37427599185084287
717.0,5.5,864.0,41.50819206237793,0.33602303489252233
718.0,5.5,864.0,41.54508447647095,0.33602303489252233
719.0,5.0,889.5,41.620174407958984,0.35350342289779096
720.0,5.0,889.5,41.66106057167053,0.35350342289779096
721.0,5.5,954.0,41.72855043411255,0.39725518929367126
722.0,5.5,954.0,41.75052571296692,0.39725518929367126
723.0,5.5,1089.5,41.83915567398071,0.4869100796680829
724.0,5.5,1089.5,41.86209297180176,0.4869100796680829
725.0,5.5,956.5,41.93641662597656,0.39893736817405073
726.0,5.5,956.5,41.959322929382324,0.39893736817405073
727.0,5.0,942.5,42.048774003982544,0.3895039332148897
728.0,5.0,942.5,42.07765531539917,0.3895039332148897
729.0,5.5,924.5,42.143030643463135,0.3773281533466278
730.0,5.5,924.5,42.16596746444702,0.3773281533466278
731.0,5.5,893.5,42.2401807308197,0.3562361482433634
732.0,5.5,893.5,42.26212239265442,0.3562361482433634
733.0,5.5,944.5,42.335477352142334,0.39085353590421595
734.0,5.5,944.5,42.359445571899414,0.39085353590421595
735.0,5.0,943.0,42.44717764854431,0.38984139526460754
736.0,5.0,943.0,42.47111415863037,0.38984139526460754
737.0,5.5,940.0,42.54342818260193,0.3878160097227223
738.0,5.5,940.0,42.56636309623718,0.3878160097227223
739.0,5.5,942.5,42.639524698257446,0.3895039332148897
740.0,5.5,942.5,42.66246175765991,0.3895039332148897
741.0,5.5,927.5,42.75140452384949,0.37936110723696154
742.0,5.5,927.5,42.775338649749756,0.37936110723696154
743.0,1766.0,797.5,42.847779273986816,0.28996572490161915
744.0,1766.0,797.5,42.870713233947754,0.28996572490161915
745.0,5.5,954.5,42.94352102279663,0.3975917074486142
746.0,5.5,954.5,42.96645927429199,0.3975917074486142
747.0,13.0,857.0,43.03926491737366,0.3312067225485357
748.0,13.0,857.0,43.06220316886902,0.3312067225485357
749.0,5.928571462631226,945.5,43.15219211578369,0.39152809162182795
750.0,5.928571462631226,945.5,43.17919158935547,0.39152809162182795
751.0,5.0,928.5,43.247840881347656,0.38003843434650525
752.0,5.0,928.5,43.27045679092407,0.38003843434650525
753.0,5.5,912.0,43.34385323524475,0.3688418615620895
754.0,5.5,912.0,43.368854999542236,0.3688418615620895
755.0,5.5,897.5,43.43914842605591,0.35896633374282777
756.0,5.5,897.5,43.461124658584595,0.35896633374282777
757.0,5.5,869.5,43.55240726470947,0.33980193376225615
758.0,5.5,869.5,43.57634258270264,0.33980193376225615
759.0,5.0,942.5,43.64715361595154,0.3895039332148897
760.0,5.0,942.5,43.670127153396606,0.3895039332148897
761.0,5.5,934.0,43.760531425476074,0.3837608305361743
762.0,5.5,934.0,43.79144906997681,0.3837608305361743
763.0,5.5,913.5,43.872087478637695,0.36986154559606815
764.0,5.5,913.5,43.895060539245605,0.36986154559606815
765.0,5.5,913.5,43.968955993652344,0.36986154559606815
766.0,5.5,913.5,43.99284601211548,0.36986154559606815
767.0,5.5,882.5,44.07911419868469,0.3487150621351485
768.0,5.5,882.5,44.10105514526367,0.3487150621351485
769.0,5.0,931.0,44.19121813774109,0.38173104204012104
770.0,5.0,931.0,44.21315836906433,0.38173104204012104
771.0,5.0,927.0,44.30365800857544,0.3790223828666704
772.0,5.0,927.0,44.32559823989868,0.3790223828666704
773.0,5.5,863.0,44.39940166473389,0.335335456165804
774.0,5.5,863.0,44.422341108322144,0.335335456165804
775.0,5.5,895.0,44.51232147216797,0.35726026580064035
776.0,5.5,895.0,44.535314321517944,0.35726026580064035
777.0,5.5,840.0,44.623900413513184,0.3194784571827835
778.0,5.5,840.0,44.64886546134949,0.3194784571827835
779.0,5.0,1066.5,44.73625040054321,0.47191382719218117
780.0,5.0,1066.5,44.75818920135498,0.47191382719218117
781.0,5.5,982.0,44.847153425216675,0.41603647797396265
782.0,5.5,982.0,44.871089696884155,0.41603647797396265
783.0,5.0,889.5,44.94342660903931,0.35350342289779096
784.0,5.0,889.5,44.96636414527893,0.35350342289779096
785.0,5.0,932.5,45.05557179450989,0.3827461192604494
786.0,5.0,932.5,45.078508377075195,0.3827461192604494
787.0,5.5,928.5,45.168006896972656,0.38003843434650525
788.0,5.5,928.5,45.191001653671265,0.38003843434650525
789.0,5.5,976.5,45.27960515022278,0.41235757890822505
790.0,5.5,976.5,45.3045392036438,0.41235757890822505
791.0,5.5,910.5,45.39155197143555,0.3678218161141558
792.0,5.5,910.5,45.41349172592163,0.3678218161141558
793.0,5.0,889.5,45.48811197280884,0.35350342289779096
794.0,5.0,889.5,45.50905084609985,0.35350342289779096
795.0,5.5,919.0,45.60000777244568,0.3735972895087513
796.0,5.5,919.0,45.62494158744812,0.3735972895087513
797.0,5.5,879.0,45.71170949935913,0.34631798384358864
798.0,5.5,879.0,45.73963451385498,0.34631798384358864
799.0,5.5,865.5,45.82405948638916,0.33705411121468926
800.0,5.5,865.5,45.85198473930359,0.33705411121468926
801.0,5.0,941.0,45.922929525375366,0.3884913017210834
802.0,5.0,941.0,45.980769872665405,0.3884913017210834
803.0,5.5,921.5,46.035624980926514,0.3752937426631204
804.0,5.5,921.5,46.09845495223999,0.3752937426631204
805.0,5.5,920.0,46.14632821083069,0.37427599185084287
806.0,5.5,920.0,46.19943642616272,0.37427599185084287
807.0,5.5,931.5,46.260798931121826,0.38206944175401886
808.0,5.5,931.5,46.30567502975464,0.38206944175401886
809.0,5.5,918.5,46.371731996536255,0.3732578778345514
810.0,5.5,918.5,46.42558550834656,0.3732578778345514
811.0,11.0,934.5,46.46548080444336,0.3840989862509869
812.0,11.0,934.5,46.502896308898926,0.3840989862509869
813.0,9.833333492279053,819.0,46.58023428916931,0.3049296550121025
814.0,9.833333492279053,819.0,46.634116888046265,0.3049296550121025
815.0,8.0,976.5,46.687971353530884,0.41235757890822505
816.0,8.0,976.5,46.71187496185303,0.41235757890822505
817.0,5.0,921.5,46.80266094207764,0.3752937426631204
818.0,5.0,921.5,46.83357763290405,0.3752937426631204
819.0,5.5,921.5,46.914636850357056,0.3752937426631204
820.0,5.5,921.5,46.95256590843201,0.3752937426631204
821.0,5.0,884.0,47.00995659828186,0.3497417907199039
822.0,5.0,884.0,47.03189706802368,0.3497417907199039
823.0,5.5,841.5,47.119524002075195,0.3205150897618179
824.0,5.5,841.5,47.14349818229675,0.3205150897618179
825.0,5.5,935.5,47.23272943496704,0.38477517554303925
826.0,5.5,935.5,47.261651039123535,0.38477517554303925
827.0,5.5,934.0,47.34467816352844,0.3837608305361743
828.0,5.5,934.0,47.37563133239746,0.3837608305361743
829.0,6.526315689086914,905.0,47.439101696014404,0.36407856286001866
830.0,6.526315689086914,905.0,47.46207571029663,0.36407856286001866
831.0,5.5,948.5,47.552245140075684,0.39355077514161146
832.0,5.5,948.5,47.5851936340332,0.39355077514161146
833.0,5.5,951.0,47.66368079185486,0.3952352162717557
834.0,5.5,951.0,47.68665552139282,0.3952352162717557
835.0,5.5,940.0,47.7757568359375,0.3878160097227223
836.0,5.5,940.0,47.79769802093506,0.3878160097227223
837.0,5.5,928.5,47.8871796131134,0.38003843434650525
838.0,5.5,928.5,47.91011714935303,0.38003843434650525
839.0,5.5,955.5,47.9833025932312,0.39826462021315395
840.0,5.5,955.5,48.007235288619995,0.39826462021315395
841.0,5.5,823.0,48.09587287902832,0.3077060042580227
842.0,5.5,823.0,48.11981415748596,0.3077060042580227
843.0,5.5,890.5,48.2078800201416,0.3541868419807351
844.0,5.5,890.5,48.22981858253479,0.3541868419807351
845.0,5.0,910.5,48.32410478591919,0.3678218161141558
846.0,5.0,910.5,48.3580060005188,0.3678218161141558
847.0,5.5,855.0,48.43124485015869,0.32982923827768845
848.0,5.5,855.0,48.453184843063354,0.32982923827768845
849.0,5.5,923.5,48.527610063552856,0.37665017818758845
850.0,5.5,923.5,48.55154275894165,0.37665017818758845
851.0,5.0,951.0,48.64006447792053,0.3952352162717557
852.0,5.0,951.0,48.672017097473145,0.3952352162717557
853.0,5.5,912.0,48.73530411720276,0.3688418615620895
854.0,5.5,912.0,48.75828242301941,0.3688418615620895
855.0,5.0,944.5,48.84742331504822,0.39085353590421595
856.0,5.0,944.5,48.873353719711304,0.39085353590421595
857.0,5.0,935.5,48.94358682632446,0.38477517554303925
858.0,5.0,935.5,48.96655893325806,0.38477517554303925
859.0,5.5,944.5,49.0400128364563,0.39085353590421595
860.0,5.5,944.5,49.06394910812378,0.39085353590421595
861.0,5.5,896.5,49.136110067367554,0.35828402584152536
862.0,5.5,896.5,49.15808820724487,0.35828402584152536
863.0,6.5,965.0,49.40733313560486,0.4046490589950526
864.0,5.0,945.5,49.52302551269531,0.39152809162182795
865.0,5.5,929.5,49.57093143463135,0.3807155992004339
866.0,5.0,916.0,49.64970016479492,0.3715602149269224
867.0,5.0,916.0,49.683608055114746,0.3715602149269224
868.0,5.5,917.5,49.74642610549927,0.372578933541661
869.0,5.5,917.5,49.77036094665527,0.372578933541661
870.0,5.0,938.5,49.83917808532715,0.38680276545810105
871.0,5.0,938.5,49.86411190032959,0.38680276545810105
872.0,5.5,915.0,49.95187735557556,0.37088086787830826
873.0,5.5,915.0,49.973819971084595,0.37088086787830826
874.0,5.0,887.5,50.04816126823425,0.3521361098657844
875.0,5.0,887.5,50.07010340690613,0.3521361098657844
876.0,5.0,937.0,50.142908573150635,0.3857891539577754
877.0,5.0,937.0,50.16887903213501,0.3857891539577754
878.0,5.5,944.0,50.239511251449585,0.3905161966210304
879.0,5.5,944.0,50.26449418067932,0.3905161966210304
880.0,8.5,938.5,50.35101079940796,0.38680276545810105
881.0,8.5,938.5,50.37694263458252,0.38680276545810105
882.0,5.5,931.5,50.44727349281311,0.38206944175401886
883.0,5.5,931.5,50.470210790634155,0.38206944175401886
884.0,5.0,932.5,50.54363465309143,0.3827461192604494
885.0,5.0,932.5,50.565576791763306,0.3827461192604494
886.0,5.5,913.5,50.63918352127075,0.36986154559606815
887.0,5.5,913.5,50.66215777397156,0.36986154559606815
888.0,5.5,928.5,50.752612590789795,0.38003843434650525
889.0,5.5,928.5,50.78456115722656,0.38003843434650525
890.0,5.5,963.5,50.84739804267883,0.4036419817243791
891.0,5.5,963.5,50.87133502960205,0.4036419817243791
892.0,5.5,897.5,50.94712996482849,0.35896633374282777
893.0,5.5,897.5,50.97805070877075,0.35896633374282777
894.0,5.0,902.0,51.05535316467285,0.36203474827690235
895.0,5.0,902.0,51.08626985549927,0.36203474827690235
896.0,5.0,927.0,51.151098012924194,0.3790223828666704
897.0,5.0,927.0,51.17403697967529,0.3790223828666704
898.0,5.5,928.5,51.442978858947754,0.38003843434650525
899.0,5.0,909.5,51.61096215248108,0.3671415851972582
900.0,5.5,940.0,51.672916412353516,0.3878160097227223
901.0,5.5,945.0,51.74981904029846,0.3911908342417249
902.0,5.5,945.0,51.804667472839355,0.3911908342417249
903.0,5.5,916.5,51.85952377319336,0.3718998280720179
904.0,5.5,916.5,51.912373781204224,0.3718998280720179
905.0,5.5,948.5,51.951271533966064,0.39355077514161146
906.0,5.5,948.5,51.97621273994446,0.39355077514161146
907.0,5.0,941.0,52.052003622055054,0.3884913017210834
908.0,5.0,941.0,52.106858253479004,0.3884913017210834
909.0,5.0,917.5,52.147754430770874,0.372578933541661
910.0,5.0,917.5,52.1946222782135,0.372578933541661
911.0,5.5,905.0,52.25945425033569,0.36407856286001866
912.0,5.5,905.0,52.316296100616455,0.36407856286001866
913.0,5.5,981.5,52.36715817451477,0.4157022413457379
914.0,5.5,981.5,52.391093254089355,0.4157022413457379
915.0,5.5,956.5,52.46806025505066,0.39893736817405073
916.0,5.5,956.5,52.51393747329712,0.39893736817405073
917.0,5.0,921.5,52.58093214035034,0.3752937426631204
918.0,5.0,921.5,52.61982727050781,0.3752937426631204
919.0,5.0,879.5,52.69080591201782,0.3466605416165884
920.0,5.0,879.5,52.73220753669739,0.3466605416165884
921.0,5.5,875.5,52.801023721694946,0.3439189796824959
922.0,5.5,875.5,52.82994747161865,0.3439189796824959
923.0,5.5,918.0,52.90080142021179,0.37291842584139595
924.0,5.5,918.0,52.934667348861694,0.37291842584139595
925.0,5.0,896.5,53.008153438568115,0.35828402584152536
926.0,5.0,896.5,53.03013205528259,0.35828402584152536
927.0,4.0,847.0,53.11925959587097,0.32431312628584547
